{
   "abstract" : "Family-neutral IP socket supporting both IPv4 and IPv6",
   "author" : [
      "Paul Evans <leonerd@leonerd.org.uk>"
   ],
   "dynamic_config" : 0,
   "generated_by" : "Module::Build version 0.4204",
   "license" : [
      "perl_5"
   ],
   "meta-spec" : {
      "url" : "http://search.cpan.org/perldoc?CPAN::Meta::Spec",
      "version" : "2"
   },
   "name" : "IO-Socket-IP",
   "prereqs" : {
      "build" : {
         "requires" : {
            "Test::More" : "0.88"
         }
      },
      "runtime" : {
         "requires" : {
            "IO::Socket" : "0",
            "Socket" : "1.97"
         }
      }
   },
   "provides" : {
      "IO::Socket::IP" : {
         "file" : "lib/IO/Socket/IP.pm",
         "version" : "0.37"
      }
   },
   "release_status" : "stable",
   "resources" : {
      "license" : [
         "http://dev.perl.org/licenses/"
      ]
   },
   "version" : "0.37"
}
