{
   "abstract" : "Information about the currently running perl",
   "author" : [
      "Ken Williams <kwilliams@cpan.org>"
   ],
   "dynamic_config" : 0,
   "generated_by" : "Dist::Zilla version 4.300034, CPAN::Meta::Converter version 2.120921, CPAN::Meta::Converter version 2.133380",
   "license" : [
      "perl_5"
   ],
   "meta-spec" : {
      "url" : "http://search.cpan.org/perldoc?CPAN::Meta::Spec",
      "version" : "2"
   },
   "name" : "Probe-Perl",
   "prereqs" : {
      "build" : {
         "requires" : {}
      },
      "configure" : {
         "requires" : {
            "ExtUtils::MakeMaker" : "6.30"
         }
      },
      "runtime" : {
         "requires" : {
            "Config" : "0",
            "File::Spec" : "0",
            "strict" : "0"
         }
      },
      "test" : {
         "requires" : {
            "Test" : "0"
         }
      }
   },
   "release_status" : "stable",
   "resources" : {
      "bugtracker" : {
         "web" : "http://rt.cpan.org/Public/Dist/Display.html?Name=Probe-Perl"
      },
      "repository" : {
         "type" : "git",
         "url" : "git://github.com/kenahoo/Probe-Perl.git"
      }
   },
   "version" : "0.03"
}
