{
   "abstract" : "Perl extension for using OpenSSL",
   "author" : [
      "Maintained by Mike McCauley and Florian Ragwitz since November 2005"
   ],
   "dynamic_config" : 0,
   "generated_by" : "Module::Install version 1.06, CPAN::Meta::Converter version 2.133380",
   "license" : [
      "perl_5"
   ],
   "meta-spec" : {
      "url" : "http://search.cpan.org/perldoc?CPAN::Meta::Spec",
      "version" : "2"
   },
   "name" : "Net-SSLeay",
   "no_index" : {
      "directory" : [
         "examples",
         "ext",
         "helper_script",
         "inc",
         "t"
      ]
   },
   "prereqs" : {
      "build" : {
         "requires" : {
            "ExtUtils::MakeMaker" : "6.36"
         }
      },
      "configure" : {
         "requires" : {
            "ExtUtils::MakeMaker" : "6.36"
         }
      },
      "runtime" : {
         "requires" : {
            "MIME::Base64" : "0",
            "Test::More" : "0.60_01",
            "perl" : "5.005"
         }
      }
   },
   "release_status" : "stable",
   "resources" : {
      "bugtracker" : {
         "web" : "https://rt.cpan.org/Public/Dist/Display.html?Name=net-ssleay"
      },
      "repository" : {
         "type" : "svn",
         "url" : "svn://svn.debian.org/svn/net-ssleay"
      }
   },
   "version" : "1.72"
}
