{"dist":"CPAN-Meta-2.150010","pathname":"D/DA/DAGOLDEN/CPAN-Meta-2.150010.tar.gz","target":"Parse::CPAN::Meta","version":"2.150010","name":"CPAN::Meta","provides":{"CPAN::Meta::Spec":{"version":"2.150010","file":"lib/CPAN/Meta/Spec.pm"},"CPAN::Meta::Prereqs":{"version":"2.150010","file":"lib/CPAN/Meta/Prereqs.pm"},"CPAN::Meta::Validator":{"version":"2.150010","file":"lib/CPAN/Meta/Validator.pm"},"CPAN::Meta::History":{"version":"2.150010","file":"lib/CPAN/Meta/History.pm"},"Parse::CPAN::Meta":{"version":"2.150010","file":"lib/Parse/CPAN/Meta.pm"},"CPAN::Meta::Merge":{"version":"2.150010","file":"lib/CPAN/Meta/Merge.pm"},"CPAN::Meta::Feature":{"file":"lib/CPAN/Meta/Feature.pm","version":"2.150010"},"CPAN::Meta":{"file":"lib/CPAN/Meta.pm","version":"2.150010"},"CPAN::Meta::Converter":{"version":"2.150010","file":"lib/CPAN/Meta/Converter.pm"}}}