{"provides":{"CPAN::Meta::Feature":{"file":"lib/CPAN/Meta/Feature.pm","version":"2.150005"},"CPAN::Meta::Merge":{"file":"lib/CPAN/Meta/Merge.pm","version":"2.150005"},"CPAN::Meta::Converter":{"file":"lib/CPAN/Meta/Converter.pm","version":"2.150005"},"CPAN::Meta":{"file":"lib/CPAN/Meta.pm","version":"2.150005"},"CPAN::Meta::Spec":{"file":"lib/CPAN/Meta/Spec.pm","version":"2.150005"},"CPAN::Meta::Validator":{"version":"2.150005","file":"lib/CPAN/Meta/Validator.pm"},"CPAN::Meta::History":{"version":"2.150005","file":"lib/CPAN/Meta/History.pm"},"CPAN::Meta::Prereqs":{"version":"2.150005","file":"lib/CPAN/Meta/Prereqs.pm"}},"name":"CPAN::Meta","version":"2.150005","dist":"CPAN-Meta-2.150005","pathname":"D/DA/DAGOLDEN/CPAN-Meta-2.150005.tar.gz","target":"CPAN::Meta"}