{
   "abstract" : "the distribution metadata for a CPAN dist",
   "author" : [
      "David Golden <dagolden@cpan.org>",
      "Ricardo Signes <rjbs@cpan.org>"
   ],
   "dynamic_config" : 0,
   "generated_by" : "Dist::Zilla version 5.037, CPAN::Meta::Converter version 2.150001, CPAN::Meta::Converter version 2.133380",
   "license" : [
      "perl_5"
   ],
   "meta-spec" : {
      "url" : "http://search.cpan.org/perldoc?CPAN::Meta::Spec",
      "version" : "2"
   },
   "name" : "CPAN-Meta",
   "no_index" : {
      "directory" : [
         "t",
         "xt",
         "examples",
         "corpus",
         "history"
      ],
      "package" : [
         "DB"
      ]
   },
   "prereqs" : {
      "build" : {
         "requires" : {
            "ExtUtils::MakeMaker" : "0"
         }
      },
      "configure" : {
         "requires" : {
            "ExtUtils::MakeMaker" : "6.17",
            "perl" : "5.006"
         }
      },
      "develop" : {
         "recommends" : {
            "Perl::Critic::Policy::Lax::ProhibitStringyEval::ExceptForRequire" : "0"
         },
         "requires" : {
            "Dist::Zilla" : "5",
            "Dist::Zilla::Plugin::Encoding" : "0",
            "Dist::Zilla::Plugin::MakeMaker::Highlander" : "0.003",
            "Dist::Zilla::Plugin::OnlyCorePrereqs" : "0.014",
            "Dist::Zilla::Plugin::Prereqs" : "0",
            "Dist::Zilla::Plugin::SurgicalPodWeaver" : "0.0021",
            "Dist::Zilla::PluginBundle::DAGOLDEN" : "0.070",
            "File::Spec" : "0",
            "File::Temp" : "0",
            "IO::Handle" : "0",
            "IPC::Open3" : "0",
            "Pod::Coverage::TrustPod" : "0",
            "Test::CPAN::Meta" : "0",
            "Test::More" : "0",
            "Test::Pod" : "1.41",
            "Test::Pod::Coverage" : "1.08",
            "Test::Spelling" : "0.12",
            "Test::Version" : "1"
         }
      },
      "runtime" : {
         "requires" : {
            "CPAN::Meta::Requirements" : "2.121",
            "CPAN::Meta::YAML" : "0.008",
            "Carp" : "0",
            "JSON::PP" : "2.27200",
            "Parse::CPAN::Meta" : "1.4414",
            "Scalar::Util" : "0",
            "perl" : "5.008",
            "strict" : "0",
            "version" : "0.88",
            "warnings" : "0"
         }
      },
      "test" : {
         "recommends" : {
            "CPAN::Meta" : "2.120900"
         },
         "requires" : {
            "Data::Dumper" : "0",
            "ExtUtils::MakeMaker" : "0",
            "File::Basename" : "0",
            "File::Spec" : "0",
            "File::Temp" : "0.20",
            "IO::Dir" : "0",
            "Test::More" : "0.88",
            "overload" : "0",
            "utf8" : "0"
         }
      }
   },
   "provides" : {
      "CPAN::Meta" : {
         "file" : "lib/CPAN/Meta.pm",
         "version" : "2.150005"
      },
      "CPAN::Meta::Converter" : {
         "file" : "lib/CPAN/Meta/Converter.pm",
         "version" : "2.150005"
      },
      "CPAN::Meta::Feature" : {
         "file" : "lib/CPAN/Meta/Feature.pm",
         "version" : "2.150005"
      },
      "CPAN::Meta::History" : {
         "file" : "lib/CPAN/Meta/History.pm",
         "version" : "2.150005"
      },
      "CPAN::Meta::Merge" : {
         "file" : "lib/CPAN/Meta/Merge.pm",
         "version" : "2.150005"
      },
      "CPAN::Meta::Prereqs" : {
         "file" : "lib/CPAN/Meta/Prereqs.pm",
         "version" : "2.150005"
      },
      "CPAN::Meta::Spec" : {
         "file" : "lib/CPAN/Meta/Spec.pm",
         "version" : "2.150005"
      },
      "CPAN::Meta::Validator" : {
         "file" : "lib/CPAN/Meta/Validator.pm",
         "version" : "2.150005"
      }
   },
   "release_status" : "stable",
   "resources" : {
      "bugtracker" : {
         "web" : "https://github.com/Perl-Toolchain-Gang/CPAN-Meta/issues"
      },
      "homepage" : "https://github.com/Perl-Toolchain-Gang/CPAN-Meta",
      "repository" : {
         "type" : "git",
         "url" : "https://github.com/Perl-Toolchain-Gang/CPAN-Meta.git",
         "web" : "https://github.com/Perl-Toolchain-Gang/CPAN-Meta"
      }
   },
   "version" : "2.150005",
   "x_authority" : "cpan:DAGOLDEN",
   "x_contributors" : [
      "Ansgar Burchardt <ansgar@cpan.org>",
      "Avar Arnfjord Bjarmason <avar@cpan.org>",
      "Christopher J. Madsen <cjm@cpan.org>",
      "Chuck Adams <cja987@gmail.com>",
      "Cory G Watson <gphat@cpan.org>",
      "Damyan Ivanov <dam@cpan.org>",
      "Eric Wilhelm <ewilhelm@cpan.org>",
      "Graham Knop <haarg@haarg.org>",
      "Gregor Hermann <gregoa@debian.org>",
      "Karen Etheridge <ether@cpan.org>",
      "Kenichi Ishigaki <ishigaki@cpan.org>",
      "Ken Williams <kwilliams@cpan.org>",
      "Lars Dieckow <daxim@cpan.org>",
      "Leon Timmermans <leont@cpan.org>",
      "majensen <maj@fortinbras.us>",
      "Mark Fowler <markf@cpan.org>",
      "Matt S Trout <mst@shadowcat.co.uk>",
      "Michael G. Schwern <mschwern@cpan.org>",
      "mohawk2 <mohawk2@users.noreply.github.com>",
      "moznion <moznion@gmail.com>",
      "Niko Tyni <ntyni@debian.org>",
      "Olaf Alders <olaf@wundersolutions.com>",
      "Olivier Mengué <dolmen@cpan.org>",
      "Randy Sims <randys@thepierianspring.org>",
      "Tomohiro Hosaka <bokutin@bokut.in>"
   ]
}
