{"provides":{"IO::Socket::SSL::SSL_Context":{"version":"2.024","file":"lib/IO/Socket/SSL.pm"},"IO::Socket::SSL::SSL_HANDLE":{"version":"2.024","file":"lib/IO/Socket/SSL.pm"},"IO::Socket::SSL::OCSP_Resolver":{"file":"lib/IO/Socket/SSL.pm","version":"2.024"},"IO::Socket::SSL::OCSP_Cache":{"file":"lib/IO/Socket/SSL.pm","version":"2.024"},"IO::Socket::SSL":{"version":"2.024","file":"lib/IO/Socket/SSL.pm"},"IO::Socket::SSL::Session_Cache":{"file":"lib/IO/Socket/SSL.pm","version":"2.024"},"IO::Socket::SSL::Utils":{"file":"lib/IO/Socket/SSL/Utils.pm","version":"2.014"},"IO::Socket::SSL::PublicSuffix":{"file":"lib/IO/Socket/SSL/PublicSuffix.pm"},"IO::Socket::SSL::Intercept":{"version":"2.014","file":"lib/IO/Socket/SSL/Intercept.pm"}},"name":"IO::Socket::SSL","version":"2.024","pathname":"S/SU/SULLR/IO-Socket-SSL-2.024.tar.gz","dist":"IO-Socket-SSL-2.024","target":"IO::Socket::SSL"}