{
   "abstract" : "Perl extension for checking data against the spamhaus blacklists",
   "author" : [
      "Wes Young, <wes@barely3am.com>"
   ],
   "dynamic_config" : 0,
   "generated_by" : "Module::Install version 1.08, CPAN::Meta::Converter version 2.133380",
   "license" : [
      "perl_5"
   ],
   "meta-spec" : {
      "url" : "http://search.cpan.org/perldoc?CPAN::Meta::Spec",
      "version" : "2"
   },
   "name" : "Net-Abuse-Utils-Spamhaus",
   "no_index" : {
      "directory" : [
         "inc",
         "t"
      ]
   },
   "prereqs" : {
      "build" : {
         "requires" : {
            "ExtUtils::MakeMaker" : "6.59"
         }
      },
      "configure" : {
         "requires" : {
            "ExtUtils::MakeMaker" : "6.59"
         }
      },
      "runtime" : {
         "requires" : {
            "Net::DNS" : "0.74",
            "perl" : "5.008008"
         }
      }
   },
   "release_status" : "stable",
   "resources" : {
      "license" : [
         "http://dev.perl.org/licenses/"
      ]
   },
   "version" : "0.07"
}
