{
   "abstract" : "Remove files and directories",
   "author" : [
      "Adam Kennedy <adamk@cpan.org>"
   ],
   "dynamic_config" : 0,
   "generated_by" : "Module::Install version 1.06, CPAN::Meta::Converter version 2.133380",
   "license" : [
      "perl_5"
   ],
   "meta-spec" : {
      "url" : "http://search.cpan.org/perldoc?CPAN::Meta::Spec",
      "version" : "2"
   },
   "name" : "File-Remove",
   "no_index" : {
      "directory" : [
         "inc",
         "t",
         "xt"
      ]
   },
   "prereqs" : {
      "build" : {
         "requires" : {
            "ExtUtils::MakeMaker" : "6.36",
            "Test::More" : "0.42"
         }
      },
      "configure" : {
         "requires" : {
            "ExtUtils::MakeMaker" : "6.36"
         }
      },
      "runtime" : {
         "requires" : {
            "Cwd" : "3.29",
            "File::Spec" : "3.29",
            "perl" : "5.00503"
         }
      }
   },
   "release_status" : "stable",
   "resources" : {
      "license" : [
         "http://dev.perl.org/licenses/"
      ],
      "repository" : {
         "url" : "http://svn.ali.as/cpan/trunk/File-Remove"
      },
      "x_ChangeLog" : "http://fisheye2.atlassian.com/changelog/cpan/trunk/File-Remove"
   },
   "version" : "1.52",
   "x_module_name" : "File::Remove"
}
