{"pathname":"D/DR/DRTECH/Locale-Maketext-Lexicon-1.00.tar.gz","target":"Locale::Maketext::Extract","dist":"Locale-Maketext-Lexicon-1.00","name":"Locale::Maketext::Lexicon","version":"1.00","provides":{"T_L10N::en":{"file":"t/T_L10N.pm"},"Locale::Maketext::Extract::Plugin::TextTemplate::Parser":{"file":"lib/Locale/Maketext/Extract/Plugin/TextTemplate.pm","version":"1.00"},"Locale::Maketext::Extract::Plugin::Perl":{"file":"lib/Locale/Maketext/Extract/Plugin/Perl.pm","version":"1.00"},"Locale::Maketext::Extract::Plugin::Mason":{"version":"1.00","file":"lib/Locale/Maketext/Extract/Plugin/Mason.pm"},"Locale::Maketext::Extract::Plugin::PPI":{"version":"1.00","file":"lib/Locale/Maketext/Extract/Plugin/PPI.pm"},"Locale::Maketext::Extract::Plugin::Base":{"file":"lib/Locale/Maketext/Extract/Plugin/Base.pm","version":"1.00"},"Locale::Maketext::Extract::Plugin::YAML":{"version":"1.00","file":"lib/Locale/Maketext/Extract/Plugin/YAML.pm"},"Locale::Maketext::Lexicon::Auto":{"file":"lib/Locale/Maketext/Lexicon/Auto.pm","version":"1.00"},"Locale::Maketext::Extract::Plugin::FormFu::Extractor":{"version":"1.00","file":"lib/Locale/Maketext/Extract/Plugin/FormFu.pm"},"Myi18n":{"file":"t/lib/Myi18n.pm"},"Locale::Maketext::Extract::Run":{"version":"1.00","file":"lib/Locale/Maketext/Extract/Run.pm"},"Locale::Maketext::Lexicon::Tie":{"version":"1.00","file":"lib/Locale/Maketext/Lexicon/Tie.pm"},"Locale::Maketext::Extract::Plugin::TT2":{"file":"lib/Locale/Maketext/Extract/Plugin/TT2.pm","version":"1.00"},"Locale::Maketext::Extract::Plugin::TT2::Parser":{"version":"1.00","file":"lib/Locale/Maketext/Extract/Plugin/TT2.pm"},"T_L10N::zh_tw":{"file":"t/T_L10N.pm"},"Locale::Maketext::Extract":{"file":"lib/Locale/Maketext/Extract.pm","version":"1.00"},"Locale::Maketext::Lexicon":{"version":"1.00","file":"lib/Locale/Maketext/Lexicon.pm"},"Locale::Maketext::Extract::Plugin::YAML::Extractor":{"file":"lib/Locale/Maketext/Extract/Plugin/YAML.pm","version":"1.00"},"T_L10N::zh_cn":{"file":"t/T_L10N.pm"},"Locale::Maketext::Extract::Plugin::TT2::Directive":{"version":"1.00","file":"lib/Locale/Maketext/Extract/Plugin/TT2.pm"},"Locale::Maketext::Extract::Plugin::Generic":{"version":"1.00","file":"lib/Locale/Maketext/Extract/Plugin/Generic.pm"},"Locale::Maketext::Lexicon::Msgcat":{"file":"lib/Locale/Maketext/Lexicon/Msgcat.pm","version":"1.00"},"Locale::Maketext::Lexicon::Gettext":{"file":"lib/Locale/Maketext/Lexicon/Gettext.pm","version":"1.00"},"Locale::Maketext::Extract::Plugin::FormFu":{"file":"lib/Locale/Maketext/Extract/Plugin/FormFu.pm","version":"1.00"},"Locale::Maketext::Extract::Plugin::Haml":{"file":"lib/Locale/Maketext/Extract/Plugin/Haml.pm","version":"1.00"},"T_L10N":{"file":"t/T_L10N.pm"},"Locale::Maketext::Extract::Plugin::TextTemplate":{"file":"lib/Locale/Maketext/Extract/Plugin/TextTemplate.pm","version":"1.00"}}}