{
   "abstract" : "Net::Domain::TLD - Work with TLD names",
   "author" : [
      "Alex Pavlovic (alex.pavlovic@devradius.com)"
   ],
   "dynamic_config" : 0,
   "generated_by" : "ExtUtils::MakeMaker version 6.98, CPAN::Meta::Converter version 2.150005, CPAN::Meta::Converter version 2.133380",
   "license" : [
      "unknown"
   ],
   "meta-spec" : {
      "url" : "http://search.cpan.org/perldoc?CPAN::Meta::Spec",
      "version" : "2"
   },
   "name" : "Net-Domain-TLD",
   "no_index" : {
      "directory" : [
         "t",
         "inc"
      ]
   },
   "prereqs" : {
      "build" : {
         "requires" : {
            "ExtUtils::MakeMaker" : "0"
         }
      },
      "configure" : {
         "requires" : {
            "ExtUtils::MakeMaker" : "0"
         }
      },
      "runtime" : {
         "requires" : {
            "Carp" : "0",
            "Storable" : "0"
         }
      }
   },
   "release_status" : "stable",
   "version" : "1.74",
   "x_serialization_backend" : "JSON::PP version 2.27203"
}
