{"pathname":"M/MI/MIKER/NetAddr-IP-4.078.tar.gz","dist":"NetAddr-IP-4.078","target":"NetAddr::IP","provides":{"NetAddr::IP::UtilPP":{"version":"1.09","file":"Lite/Util/lib/NetAddr/IP/UtilPP.pm"},"NetAddr::IP::UtilPolluted":{"version":"1.53","file":"Lite/Util/Util.pm"},"NetAddr::IP":{"version":"4.078","file":"IP.pm"},"NetAddr::IP::Util_IS":{"file":"Lite/Util/tlib/NetAddr/IP/Util_IS.pm","version":"1"},"NetAddr::IP::Util":{"version":"1.53","file":"Lite/Util/Util.pm"},"NetAddr::IP::InetBase":{"version":"0.08","file":"Lite/Util/lib/NetAddr/IP/InetBase.pm"},"NetAddr::IP::Lite":{"file":"Lite/Lite.pm","version":"1.56"}},"name":"NetAddr::IP","version":"4.078"}