{
   "abstract" : "Manages IPv4 and IPv6 addresses and subnets",
   "author" : [
      "Luis E. Muñoz <luismunoz@cpan.org>, Michael Robinton <miker@cpan.org>"
   ],
   "dynamic_config" : 0,
   "generated_by" : "ExtUtils::MakeMaker version 6.42, CPAN::Meta::Converter version 2.133380",
   "license" : [
      "unknown"
   ],
   "meta-spec" : {
      "url" : "http://search.cpan.org/perldoc?CPAN::Meta::Spec",
      "version" : "2"
   },
   "name" : "NetAddr-IP",
   "prereqs" : {
      "build" : {
         "requires" : {
            "ExtUtils::MakeMaker" : "0"
         }
      },
      "runtime" : {
         "requires" : {
            "Test::More" : "0"
         }
      }
   },
   "release_status" : "stable",
   "version" : "4.078"
}
