{"provides":{"Mojo::Server":{"file":"lib/Mojo/Server.pm"},"Mojo::Server::Daemon":{"file":"lib/Mojo/Server/Daemon.pm"},"Mojolicious::Plugin::PODRenderer":{"file":"lib/Mojolicious/Plugin/PODRenderer.pm"},"Mojo::ByteStream":{"file":"lib/Mojo/ByteStream.pm"},"Mojolicious::Routes":{"file":"lib/Mojolicious/Routes.pm"},"Mojo::EventEmitter":{"file":"lib/Mojo/EventEmitter.pm"},"Mojolicious::Command::get":{"file":"lib/Mojolicious/Command/get.pm"},"Mojo::Message::Request":{"file":"lib/Mojo/Message/Request.pm"},"Mojolicious::Command::generate":{"file":"lib/Mojolicious/Command/generate.pm"},"Mojo::Template":{"file":"lib/Mojo/Template.pm"},"Mojo::Transaction::HTTP":{"file":"lib/Mojo/Transaction/HTTP.pm"},"Mojolicious::Command::cgi":{"file":"lib/Mojolicious/Command/cgi.pm"},"Mojo::WebSocket":{"file":"lib/Mojo/WebSocket.pm"},"Mojo::Server::CGI":{"file":"lib/Mojo/Server/CGI.pm"},"Mojo::Date":{"file":"lib/Mojo/Date.pm"},"Mojo::Message::Response":{"file":"lib/Mojo/Message/Response.pm"},"Mojolicious::Command::inflate":{"file":"lib/Mojolicious/Command/inflate.pm"},"Mojo::Util":{"file":"lib/Mojo/Util.pm"},"Mojo::Message":{"file":"lib/Mojo/Message.pm"},"Mojolicious::Command::eval":{"file":"lib/Mojolicious/Command/eval.pm"},"Mojo::Reactor":{"file":"lib/Mojo/Reactor.pm"},"Mojolicious::Command::generate::app":{"file":"lib/Mojolicious/Command/generate/app.pm"},"Mojolicious::Command::daemon":{"file":"lib/Mojolicious/Command/daemon.pm"},"Mojo::Server::Morbo":{"file":"lib/Mojo/Server/Morbo.pm"},"Mojolicious::Command::generate::lite_app":{"file":"lib/Mojolicious/Command/generate/lite_app.pm"},"Mojo::Server::Prefork":{"file":"lib/Mojo/Server/Prefork.pm"},"Mojo::IOLoop::Server":{"file":"lib/Mojo/IOLoop/Server.pm"},"Mojo::UserAgent::Server":{"file":"lib/Mojo/UserAgent/Server.pm"},"Mojolicious::Plugin::EPRenderer":{"file":"lib/Mojolicious/Plugin/EPRenderer.pm"},"Mojolicious::Plugin::Charset":{"file":"lib/Mojolicious/Plugin/Charset.pm"},"Mojo::Cookie::Request":{"file":"lib/Mojo/Cookie/Request.pm"},"Mojo::UserAgent":{"file":"lib/Mojo/UserAgent.pm"},"Mojo::Transaction":{"file":"lib/Mojo/Transaction.pm"},"Mojolicious::Command":{"file":"lib/Mojolicious/Command.pm"},"Mojolicious::Command::prefork":{"file":"lib/Mojolicious/Command/prefork.pm"},"Mojo::Path":{"file":"lib/Mojo/Path.pm"},"Mojolicious::Plugin::Mount":{"file":"lib/Mojolicious/Plugin/Mount.pm"},"Mojolicious::Plugin::JSONConfig":{"file":"lib/Mojolicious/Plugin/JSONConfig.pm"},"Mojolicious::Command::generate::plugin":{"version":"0.01","file":"lib/Mojolicious/Command/generate/plugin.pm"},"Mojo::Headers":{"file":"lib/Mojo/Headers.pm"},"Mojo::JSON::Pointer":{"file":"lib/Mojo/JSON/Pointer.pm"},"Mojo::Server::PSGI":{"file":"lib/Mojo/Server/PSGI.pm"},"Mojo::HelloWorld":{"file":"lib/Mojo/HelloWorld.pm"},"Mojo::JSON":{"file":"lib/Mojo/JSON.pm"},"Mojo::Asset::File":{"file":"lib/Mojo/Asset/File.pm"},"Mojo::Server::Hypnotoad":{"file":"lib/Mojo/Server/Hypnotoad.pm"},"Mojolicious::Static":{"file":"lib/Mojolicious/Static.pm"},"Mojolicious::Plugin::DefaultHelpers":{"file":"lib/Mojolicious/Plugin/DefaultHelpers.pm"},"Mojolicious::Plugin::Config::Sandbox":{"file":"lib/Mojolicious/Plugin/Config.pm"},"Mojo::Parameters":{"file":"lib/Mojo/Parameters.pm"},"Mojo::Cache":{"file":"lib/Mojo/Cache.pm"},"Mojo::Cookie":{"file":"lib/Mojo/Cookie.pm"},"Mojolicious::Sessions":{"file":"lib/Mojolicious/Sessions.pm"},"Mojo::DOM::HTML":{"file":"lib/Mojo/DOM/HTML.pm"},"Mojolicious::Plugin::Config":{"file":"lib/Mojolicious/Plugin/Config.pm"},"Mojolicious::Commands":{"file":"lib/Mojolicious/Commands.pm"},"Mojolicious::Renderer":{"file":"lib/Mojolicious/Renderer.pm"},"Test::Mojo":{"file":"lib/Test/Mojo.pm"},"Mojo::IOLoop::Stream":{"file":"lib/Mojo/IOLoop/Stream.pm"},"Mojolicious::Command::routes":{"file":"lib/Mojolicious/Command/routes.pm"},"Mojo::Loader":{"file":"lib/Mojo/Loader.pm"},"Mojo::DOM::CSS":{"file":"lib/Mojo/DOM/CSS.pm"},"Mojo::Content::Single":{"file":"lib/Mojo/Content/Single.pm"},"Mojolicious::Validator::Validation":{"file":"lib/Mojolicious/Validator/Validation.pm"},"Mojolicious::Plugin::EPLRenderer":{"file":"lib/Mojolicious/Plugin/EPLRenderer.pm"},"Mojo::URL":{"file":"lib/Mojo/URL.pm"},"Mojo::Server::PSGI::_IO":{"file":"lib/Mojo/Server/PSGI.pm"},"Mojo::DOM":{"file":"lib/Mojo/DOM.pm"},"Mojolicious::Plugin::TagHelpers":{"file":"lib/Mojolicious/Plugin/TagHelpers.pm"},"Mojo::Content::MultiPart":{"file":"lib/Mojo/Content/MultiPart.pm"},"Mojolicious::Routes::Match":{"file":"lib/Mojolicious/Routes/Match.pm"},"Mojolicious::Command::cpanify":{"file":"lib/Mojolicious/Command/cpanify.pm"},"Mojo::Upload":{"file":"lib/Mojo/Upload.pm"},"Mojo::Cookie::Response":{"file":"lib/Mojo/Cookie/Response.pm"},"Mojolicious::Command::version":{"file":"lib/Mojolicious/Command/version.pm"},"Mojolicious::Plugin":{"file":"lib/Mojolicious/Plugin.pm"},"Mojolicious::Validator":{"file":"lib/Mojolicious/Validator.pm"},"Mojo::IOLoop::Client":{"file":"lib/Mojo/IOLoop/Client.pm"},"Mojo::Log":{"file":"lib/Mojo/Log.pm"},"Mojo::UserAgent::CookieJar":{"file":"lib/Mojo/UserAgent/CookieJar.pm"},"Mojo::Base":{"file":"lib/Mojo/Base.pm"},"Mojo::UserAgent::Transactor":{"file":"lib/Mojo/UserAgent/Transactor.pm"},"Mojolicious::Command::psgi":{"file":"lib/Mojolicious/Command/psgi.pm"},"Mojolicious::Plugin::HeaderCondition":{"file":"lib/Mojolicious/Plugin/HeaderCondition.pm"},"Mojolicious::Command::test":{"file":"lib/Mojolicious/Command/test.pm"},"Mojo::Asset::Memory":{"file":"lib/Mojo/Asset/Memory.pm"},"Mojo::Reactor::EV":{"file":"lib/Mojo/Reactor/EV.pm"},"Mojo::Reactor::Poll":{"file":"lib/Mojo/Reactor/Poll.pm"},"Mojolicious::Command::generate::makefile":{"file":"lib/Mojolicious/Command/generate/makefile.pm"},"Mojo::Content":{"file":"lib/Mojo/Content.pm"},"ojo":{"file":"lib/ojo.pm"},"Mojolicious::Types":{"file":"lib/Mojolicious/Types.pm"},"Mojolicious::Plugins":{"file":"lib/Mojolicious/Plugins.pm"},"Mojolicious::Controller":{"file":"lib/Mojolicious/Controller.pm"},"Mojolicious::Routes::Route":{"file":"lib/Mojolicious/Routes/Route.pm"},"Mojolicious":{"version":"6.52","file":"lib/Mojolicious.pm"},"Mojolicious::Lite":{"file":"lib/Mojolicious/Lite.pm"},"Mojo::Exception":{"file":"lib/Mojo/Exception.pm"},"Mojo::Asset":{"file":"lib/Mojo/Asset.pm"},"Mojo::Collection":{"file":"lib/Mojo/Collection.pm"},"Mojo::Home":{"file":"lib/Mojo/Home.pm"},"Mojo":{"file":"lib/Mojo.pm"},"Mojo::UserAgent::Proxy":{"file":"lib/Mojo/UserAgent/Proxy.pm"},"Mojo::Transaction::WebSocket":{"file":"lib/Mojo/Transaction/WebSocket.pm"},"Mojolicious::Routes::Pattern":{"file":"lib/Mojolicious/Routes/Pattern.pm"},"Mojo::IOLoop":{"file":"lib/Mojo/IOLoop.pm"},"Mojo::IOLoop::Delay":{"file":"lib/Mojo/IOLoop/Delay.pm"}},"name":"Mojolicious","version":"6.52","dist":"Mojolicious-6.52","pathname":"S/SR/SRI/Mojolicious-6.52.tar.gz","target":"Mojolicious"}