{
   "abstract" : "Real-time web framework",
   "author" : [
      "Sebastian Riedel <sri@cpan.org>"
   ],
   "dynamic_config" : 0,
   "generated_by" : "ExtUtils::MakeMaker version 7.0401, CPAN::Meta::Converter version 2.150001, CPAN::Meta::Converter version 2.133380",
   "license" : [
      "artistic_2"
   ],
   "meta-spec" : {
      "url" : "http://search.cpan.org/perldoc?CPAN::Meta::Spec",
      "version" : "2"
   },
   "name" : "Mojolicious",
   "no_index" : {
      "directory" : [
         "t",
         "inc",
         "examples",
         "t"
      ]
   },
   "prereqs" : {
      "build" : {
         "requires" : {
            "ExtUtils::MakeMaker" : "0"
         }
      },
      "configure" : {
         "requires" : {
            "ExtUtils::MakeMaker" : "0"
         }
      },
      "runtime" : {
         "requires" : {
            "IO::Socket::IP" : "0.37",
            "JSON::PP" : "2.27103",
            "Pod::Simple" : "3.09",
            "Time::Local" : "1.2"
         }
      }
   },
   "release_status" : "stable",
   "resources" : {
      "bugtracker" : {
         "web" : "https://github.com/kraih/mojo/issues"
      },
      "homepage" : "http://mojolicious.org",
      "license" : [
         "http://www.opensource.org/licenses/artistic-license-2.0"
      ],
      "repository" : {
         "type" : "git",
         "url" : "https://github.com/kraih/mojo.git",
         "web" : "https://github.com/kraih/mojo"
      },
      "x_IRC" : "irc://irc.perl.org/#mojo"
   },
   "version" : "6.52"
}
