{"provides":{"DBD::SQLite::VirtualTable::FileContent":{"file":"lib/DBD/SQLite/VirtualTable/FileContent.pm"},"DBD::SQLite::VirtualTable::FileContent::Cursor":{"file":"lib/DBD/SQLite/VirtualTable/FileContent.pm"},"DBD::SQLite::Constants":{"file":"lib/DBD/SQLite/Constants.pm"},"DBD::SQLite":{"version":"1.48","file":"lib/DBD/SQLite.pm"},"DBD::SQLite::VirtualTable::PerlData::Cursor":{"file":"lib/DBD/SQLite/VirtualTable/PerlData.pm"},"DBD::SQLite::VirtualTable::Cursor":{"version":"1.48","file":"lib/DBD/SQLite/VirtualTable.pm"},"DBD::SQLite::VirtualTable::PerlData":{"file":"lib/DBD/SQLite/VirtualTable/PerlData.pm"},"DBD::SQLite::VirtualTable":{"version":"1.48","file":"lib/DBD/SQLite/VirtualTable.pm"}},"name":"DBD::SQLite","version":"1.48","pathname":"I/IS/ISHIGAKI/DBD-SQLite-1.48.tar.gz","target":"DBD::SQLite","dist":"DBD-SQLite-1.48"}