{"pathname":"N/NL/NLNETLABS/Net-DNS-1.04.tar.gz","target":"Net::DNS","dist":"Net-DNS-1.04","version":"1.04","name":"Net::DNS","provides":{"Net::DNS::RR::KX":{"version":"1406","file":"lib/Net/DNS/RR/KX.pm"},"Net::DNS::Mailbox2535":{"file":"lib/Net/DNS/Mailbox.pm","version":"1406"},"Net::DNS::RR::IPSECKEY":{"version":"1390","file":"lib/Net/DNS/RR/IPSECKEY.pm"},"Net::DNS::RR::NS":{"file":"lib/Net/DNS/RR/NS.pm","version":"1406"},"Net::DNS::ZoneFile::Generator":{"version":"1408","file":"lib/Net/DNS/ZoneFile.pm"},"Net::DNS::RR::CNAME":{"version":"1406","file":"lib/Net/DNS/RR/CNAME.pm"},"Net::DNS::RR::LOC":{"file":"lib/Net/DNS/RR/LOC.pm","version":"1390"},"Net::DNS::RR::APL":{"version":"1390","file":"lib/Net/DNS/RR/APL.pm"},"Net::DNS::RR::A":{"version":"1388","file":"lib/Net/DNS/RR/A.pm"},"Net::DNS::Resolver::cygwin":{"version":"1406","file":"lib/Net/DNS/Resolver/cygwin.pm"},"Net::DNS::RR::LP":{"file":"lib/Net/DNS/RR/LP.pm","version":"1406"},"Net::DNS::RR::KEY":{"file":"lib/Net/DNS/RR/KEY.pm","version":"1381"},"Net::DNS::RR::X25":{"file":"lib/Net/DNS/RR/X25.pm","version":"1406"},"Net::DNS::Parameters":{"version":"1439","file":"lib/Net/DNS/Parameters.pm"},"Net::DNS::RR::SSHFP":{"version":"1390","file":"lib/Net/DNS/RR/SSHFP.pm"},"Net::DNS::RR::DLV":{"version":"1339","file":"lib/Net/DNS/RR/DLV.pm"},"Net::DNS::RR::MB":{"version":"1406","file":"lib/Net/DNS/RR/MB.pm"},"Net::DNS::Resolver::android":{"file":"lib/Net/DNS/Resolver/android.pm","version":"1406"},"Net::DNS::RR::AAAA":{"file":"lib/Net/DNS/RR/AAAA.pm","version":"1441"},"Net::DNS":{"version":"1.04","file":"lib/Net/DNS.pm"},"Net::DNS::RR::SIG":{"version":"1425","file":"lib/Net/DNS/RR/SIG.pm"},"Net::DNS::RR::CAA":{"file":"lib/Net/DNS/RR/CAA.pm","version":"1406"},"Net::DNS::DomainName2535":{"version":"1381","file":"lib/Net/DNS/DomainName.pm"},"Net::DNS::DomainName1035":{"file":"lib/Net/DNS/DomainName.pm","version":"1381"},"Net::DNS::Domain":{"file":"lib/Net/DNS/Domain.pm","version":"1406"},"Net::DNS::RR::TKEY":{"file":"lib/Net/DNS/RR/TKEY.pm","version":"1406"},"Net::DNS::RR::AFSDB":{"file":"lib/Net/DNS/RR/AFSDB.pm","version":"1406"},"Net::DNS::RR::RRSIG":{"file":"lib/Net/DNS/RR/RRSIG.pm","version":"1425"},"Net::DNS::RR::CSYNC":{"file":"lib/Net/DNS/RR/CSYNC.pm","version":"1390"},"Net::DNS::RR::L64":{"file":"lib/Net/DNS/RR/L64.pm","version":"1408"},"Net::DNS::RR::CDS":{"file":"lib/Net/DNS/RR/CDS.pm","version":"1339"},"Net::DNS::RR::EUI48":{"file":"lib/Net/DNS/RR/EUI48.pm","version":"1390"},"Net::DNS::Packet":{"version":"1408","file":"lib/Net/DNS/Packet.pm"},"Net::DNS::RR::L32":{"file":"lib/Net/DNS/RR/L32.pm","version":"1408"},"Net::DNS::Resolver":{"file":"lib/Net/DNS/Resolver.pm","version":"1430"},"Net::DNS::RR::EUI64":{"version":"1390","file":"lib/Net/DNS/RR/EUI64.pm"},"Net::DNS::RR::NSEC3":{"file":"lib/Net/DNS/RR/NSEC3.pm","version":"1389"},"Net::DNS::RR::TSIG":{"version":"1406","file":"lib/Net/DNS/RR/TSIG.pm"},"Net::DNS::RR::RP":{"file":"lib/Net/DNS/RR/RP.pm","version":"1406"},"Net::DNS::ZoneFile":{"version":"1408","file":"lib/Net/DNS/ZoneFile.pm"},"Net::DNS::RR::NAPTR":{"version":"1406","file":"lib/Net/DNS/RR/NAPTR.pm"},"Net::DNS::RR::DS":{"file":"lib/Net/DNS/RR/DS.pm","version":"1390"},"Net::DNS::RR::NSEC":{"file":"lib/Net/DNS/RR/NSEC.pm","version":"1406"},"Net::DNS::RR::HINFO":{"version":"1406","file":"lib/Net/DNS/RR/HINFO.pm"},"Net::DNS::RR::SOA":{"version":"1408","file":"lib/Net/DNS/RR/SOA.pm"},"Net::DNS::Header":{"version":"1381","file":"lib/Net/DNS/Header.pm"},"Net::DNS::RR::TXT":{"file":"lib/Net/DNS/RR/TXT.pm","version":"1382"},"Net::DNS::Resolver::os2":{"file":"lib/Net/DNS/Resolver/os2.pm","version":"1406"},"Net::DNS::Question":{"version":"1381","file":"lib/Net/DNS/Question.pm"},"Net::DNS::RR::SRV":{"version":"1406","file":"lib/Net/DNS/RR/SRV.pm"},"Net::DNS::RR::NID":{"version":"1408","file":"lib/Net/DNS/RR/NID.pm"},"Net::DNS::DomainName":{"version":"1381","file":"lib/Net/DNS/DomainName.pm"},"Net::DNS::RR::PX":{"file":"lib/Net/DNS/RR/PX.pm","version":"1406"},"Net::DNS::RR::TLSA":{"file":"lib/Net/DNS/RR/TLSA.pm","version":"1390"},"Net::DNS::RR::SPF":{"file":"lib/Net/DNS/RR/SPF.pm","version":"1382"},"Net::DNS::RR::MR":{"version":"1406","file":"lib/Net/DNS/RR/MR.pm"},"Net::DNS::RR::PTR":{"file":"lib/Net/DNS/RR/PTR.pm","version":"1406"},"Net::DNS::Resolver::UNIX":{"version":"1408","file":"lib/Net/DNS/Resolver/UNIX.pm"},"Net::DNS::RR::RT":{"version":"1406","file":"lib/Net/DNS/RR/RT.pm"},"Net::DNS::RR::CERT":{"version":"1390","file":"lib/Net/DNS/RR/CERT.pm"},"Net::DNS::RR::DNSKEY":{"version":"1406","file":"lib/Net/DNS/RR/DNSKEY.pm"},"Net::DNS::RR::MG":{"version":"1406","file":"lib/Net/DNS/RR/MG.pm"},"Net::DNS::Mailbox1035":{"version":"1406","file":"lib/Net/DNS/Mailbox.pm"},"Net::DNS::RR::MINFO":{"file":"lib/Net/DNS/RR/MINFO.pm","version":"1406"},"Net::DNS::RR::MX":{"version":"1406","file":"lib/Net/DNS/RR/MX.pm"},"Net::DNS::Resolver::Base":{"version":"1436","file":"lib/Net/DNS/Resolver/Base.pm"},"Net::DNS::RR":{"version":"1408","file":"lib/Net/DNS/RR.pm"},"Net::DNS::Resolver::Recurse":{"version":"1422","file":"lib/Net/DNS/Resolver/Recurse.pm"},"Net::DNS::ZoneFile::Text":{"version":"1408","file":"lib/Net/DNS/ZoneFile.pm"},"Net::DNS::Text":{"file":"lib/Net/DNS/Text.pm","version":"1406"},"Net::DNS::RR::OPENPGPKEY":{"version":"1390","file":"lib/Net/DNS/RR/OPENPGPKEY.pm"},"Net::DNS::RR::DNAME":{"version":"1406","file":"lib/Net/DNS/RR/DNAME.pm"},"Net::DNS::Update":{"file":"lib/Net/DNS/Update.pm","version":"1418"},"Net::DNS::RR::OPT":{"file":"lib/Net/DNS/RR/OPT.pm","version":"1388"},"Net::DNS::Nameserver":{"file":"lib/Net/DNS/Nameserver.pm","version":"1406"},"Net::DNS::RR::CDNSKEY":{"file":"lib/Net/DNS/RR/CDNSKEY.pm","version":"1339"},"Net::DNS::RR::GPOS":{"version":"1382","file":"lib/Net/DNS/RR/GPOS.pm"},"Net::DNS::RR::APL::Item":{"file":"lib/Net/DNS/RR/APL.pm","version":"1390"},"Net::DNS::RR::ISDN":{"file":"lib/Net/DNS/RR/ISDN.pm","version":"1406"},"Net::DNS::Resolver::MSWin32":{"version":"1406","file":"lib/Net/DNS/Resolver/MSWin32.pm"},"Net::DNS::RR::URI":{"version":"1406","file":"lib/Net/DNS/RR/URI.pm"},"Net::DNS::Mailbox":{"version":"1406","file":"lib/Net/DNS/Mailbox.pm"},"Net::DNS::RR::NULL":{"version":"1348","file":"lib/Net/DNS/RR/NULL.pm"},"Net::DNS::RR::HIP":{"file":"lib/Net/DNS/RR/HIP.pm","version":"1390"},"Net::DNS::RR::NSEC3PARAM":{"version":"1390","file":"lib/Net/DNS/RR/NSEC3PARAM.pm"},"Net::DNS::RR::DHCID":{"file":"lib/Net/DNS/RR/DHCID.pm","version":"1390"}}}