{
   "abstract" : "Perl Interface to the Domain Name System",
   "author" : [
      "Olaf Kolkman <olaf@net-dns.org>"
   ],
   "dynamic_config" : 0,
   "generated_by" : "ExtUtils::MakeMaker version 6.98, CPAN::Meta::Converter version 2.150005, CPAN::Meta::Converter version 2.133380",
   "license" : [
      "mit"
   ],
   "meta-spec" : {
      "url" : "http://search.cpan.org/perldoc?CPAN::Meta::Spec",
      "version" : "2"
   },
   "name" : "Net-DNS",
   "no_index" : {
      "directory" : [
         "t",
         "inc"
      ]
   },
   "prereqs" : {
      "build" : {
         "requires" : {
            "ExtUtils::MakeMaker" : "0"
         }
      },
      "configure" : {
         "requires" : {
            "ExtUtils::MakeMaker" : "0"
         }
      },
      "runtime" : {
         "requires" : {
            "Digest::HMAC" : "1.03",
            "Digest::MD5" : "2.13",
            "Digest::SHA" : "5.23",
            "File::Spec" : "0.86",
            "IO::Socket" : "1.16",
            "IO::Socket::INET" : "1.25",
            "IO::Socket::IP" : "0.29",
            "MIME::Base64" : "2.11",
            "Test::More" : "0.52",
            "Time::Local" : "1.19",
            "perl" : "5.00404"
         }
      }
   },
   "release_status" : "stable",
   "version" : "1.04",
   "x_serialization_backend" : "JSON::PP version 2.27203"
}
