{
   "abstract" : "Simple, compact and correct param-checking functions",
   "author" : [
      "Adam Kennedy <adamk@cpan.org>"
   ],
   "dynamic_config" : 0,
   "generated_by" : "ExtUtils::MakeMaker version 6.62, CPAN::Meta::Converter version 2.112621, CPAN::Meta::Converter version 2.133380",
   "license" : [
      "perl_5"
   ],
   "meta-spec" : {
      "url" : "http://search.cpan.org/perldoc?CPAN::Meta::Spec",
      "version" : "2"
   },
   "name" : "Params-Util",
   "no_index" : {
      "directory" : [
         "t",
         "inc"
      ]
   },
   "prereqs" : {
      "build" : {
         "requires" : {
            "ExtUtils::MakeMaker" : "6.52",
            "File::Spec" : "0.80",
            "Test::More" : "0.42"
         }
      },
      "configure" : {
         "requires" : {
            "ExtUtils::CBuilder" : "0.27",
            "ExtUtils::MakeMaker" : "6.52"
         }
      },
      "runtime" : {
         "requires" : {
            "Scalar::Util" : "1.18",
            "perl" : "5.00503"
         }
      }
   },
   "release_status" : "stable",
   "version" : "1.07"
}
