{"pathname":"L/LE/LEONT/Module-Build-0.4214.tar.gz","dist":"Module-Build-0.4214","target":"Module::Build","version":"0.4214","name":"Module::Build","provides":{"Module::Build::Platform::os2":{"file":"lib/Module/Build/Platform/os2.pm","version":"0.4214"},"Module::Build::Platform::MacOS":{"version":"0.4214","file":"lib/Module/Build/Platform/MacOS.pm"},"Module::Build::PodParser":{"file":"lib/Module/Build/PodParser.pm","version":"0.4214"},"Module::Build::Notes":{"version":"0.4214","file":"lib/Module/Build/Notes.pm"},"Module::Build":{"file":"lib/Module/Build.pm","version":"0.4214"},"Module::Build::PPMMaker":{"file":"lib/Module/Build/PPMMaker.pm","version":"0.4214"},"Module::Build::Platform::Unix":{"version":"0.4214","file":"lib/Module/Build/Platform/Unix.pm"},"Module::Build::Platform::Default":{"file":"lib/Module/Build/Platform/Default.pm","version":"0.4214"},"Module::Build::Platform::Windows":{"version":"0.4214","file":"lib/Module/Build/Platform/Windows.pm"},"Module::Build::Config":{"file":"lib/Module/Build/Config.pm","version":"0.4214"},"Module::Build::Cookbook":{"file":"lib/Module/Build/Cookbook.pm","version":"0.4214"},"Module::Build::Platform::VOS":{"version":"0.4214","file":"lib/Module/Build/Platform/VOS.pm"},"Module::Build::Compat":{"file":"lib/Module/Build/Compat.pm","version":"0.4214"},"Module::Build::Dumper":{"version":"0.4214","file":"lib/Module/Build/Dumper.pm"},"Module::Build::Platform::cygwin":{"version":"0.4214","file":"lib/Module/Build/Platform/cygwin.pm"},"Module::Build::Platform::darwin":{"version":"0.4214","file":"lib/Module/Build/Platform/darwin.pm"},"Module::Build::Platform::VMS":{"version":"0.4214","file":"lib/Module/Build/Platform/VMS.pm"},"Module::Build::Base":{"version":"0.4214","file":"lib/Module/Build/Base.pm"},"Module::Build::Platform::aix":{"version":"0.4214","file":"lib/Module/Build/Platform/aix.pm"}}}