{"dist":"DBI-1.634","pathname":"T/TI/TIMB/DBI-1.634.tar.gz","target":"DBI","version":"1.634","name":"DBI","provides":{"DBI::Const::GetInfo::ANSI":{"version":"2.008697","file":"lib/DBI/Const/GetInfo/ANSI.pm"},"DBD::Gofer::st":{"file":"lib/DBD/Gofer.pm","version":"0.015327"},"DBD::File":{"version":"0.44","file":"lib/DBD/File.pm"},"DBI::ProxyServer::st":{"version":"0.3005","file":"lib/DBI/ProxyServer.pm"},"Bundle::DBI":{"file":"lib/Bundle/DBI.pm","version":"12.008696"},"DBI::ProxyServer":{"file":"lib/DBI/ProxyServer.pm","version":"0.3005"},"DBD::NullP":{"version":"12.014715","file":"lib/DBD/NullP.pm"},"DBD::File::TableSource::FileSystem":{"version":"0.44","file":"lib/DBD/File.pm"},"DBD::Proxy":{"file":"lib/DBD/Proxy.pm","version":"0.2004"},"DBD::Gofer::dr":{"file":"lib/DBD/Gofer.pm","version":"0.015327"},"DBD::Sponge":{"file":"lib/DBD/Sponge.pm","version":"12.010003"},"DBD::Gofer::Policy::classic":{"file":"lib/DBD/Gofer/Policy/classic.pm","version":"0.010088"},"DBI::DBD::SqlEngine::TieTables":{"version":"0.06","file":"lib/DBI/DBD/SqlEngine.pm"},"DBD::File::Table":{"version":"0.44","file":"lib/DBD/File.pm"},"DBD::DBM::st":{"version":"0.08","file":"lib/DBD/DBM.pm"},"DBD::DBM::Table":{"version":"0.08","file":"lib/DBD/DBM.pm"},"DBI::Gofer::Transport::pipeone":{"file":"lib/DBI/Gofer/Transport/pipeone.pm","version":"0.012537"},"DBI::Gofer::Response":{"version":"0.011566","file":"lib/DBI/Gofer/Response.pm"},"DBDI":{"file":"lib/DBI/DBD.pm","version":"12.015129"},"DBD::NullP::db":{"file":"lib/DBD/NullP.pm","version":"12.014715"},"DBI::Gofer::Serializer::Storable":{"file":"lib/DBI/Gofer/Serializer/Storable.pm","version":"0.015586"},"DBI":{"file":"DBI.pm","version":"1.634"},"DBD::File::Statement":{"version":"0.44","file":"lib/DBD/File.pm"},"DBD::Gofer::Policy::rush":{"file":"lib/DBD/Gofer/Policy/rush.pm","version":"0.010088"},"DBI::DBD::SqlEngine::db":{"version":"0.06","file":"lib/DBI/DBD/SqlEngine.pm"},"DBI::SQL::Nano::Table_":{"file":"lib/DBI/SQL/Nano.pm","version":"1.015544"},"DBI::DBD::SqlEngine":{"version":"0.06","file":"lib/DBI/DBD/SqlEngine.pm"},"DBI::ProfileSubs":{"file":"lib/DBI/ProfileSubs.pm","version":"0.009396"},"DBD::ExampleP::dr":{"version":"12.014311","file":"lib/DBD/ExampleP.pm"},"DBD::Gofer::Policy::pedantic":{"file":"lib/DBD/Gofer/Policy/pedantic.pm","version":"0.010088"},"DBD::NullP::dr":{"file":"lib/DBD/NullP.pm","version":"12.014715"},"DBI::Gofer::Serializer::Base":{"file":"lib/DBI/Gofer/Serializer/Base.pm","version":"0.009950"},"DBD::Gofer::Transport::Base":{"version":"0.014121","file":"lib/DBD/Gofer/Transport/Base.pm"},"DBI::DBD::SqlEngine::Table":{"version":"0.06","file":"lib/DBI/DBD/SqlEngine.pm"},"DBI::ProfileDumper::Apache":{"version":"2.014121","file":"lib/DBI/ProfileDumper/Apache.pm"},"DBD::File::st":{"version":"0.44","file":"lib/DBD/File.pm"},"DBD::Gofer":{"file":"lib/DBD/Gofer.pm","version":"0.015327"},"DBD::Sponge::st":{"file":"lib/DBD/Sponge.pm","version":"12.010003"},"DBI::Util::CacheMemory":{"version":"0.010315","file":"lib/DBI/Util/CacheMemory.pm"},"DBI::DBD::Metadata":{"version":"2.014214","file":"lib/DBI/DBD/Metadata.pm"},"DBD::File::dr":{"file":"lib/DBD/File.pm","version":"0.44"},"DBI::ProxyServer::db":{"file":"lib/DBI/ProxyServer.pm","version":"0.3005"},"DBI::DBD::SqlEngine::Statement":{"file":"lib/DBI/DBD/SqlEngine.pm","version":"0.06"},"DBD::Gofer::Policy::Base":{"version":"0.010088","file":"lib/DBD/Gofer/Policy/Base.pm"},"DBI::Gofer::Request":{"file":"lib/DBI/Gofer/Request.pm","version":"0.012537"},"DBD::File::db":{"file":"lib/DBD/File.pm","version":"0.44"},"DBI::ProfileDumper":{"file":"lib/DBI/ProfileDumper.pm","version":"2.015325"},"DBD::DBM":{"version":"0.08","file":"lib/DBD/DBM.pm"},"DBI::DBD":{"version":"12.015129","file":"lib/DBI/DBD.pm"},"DBI::SQL::Nano::Statement_":{"version":"1.015544","file":"lib/DBI/SQL/Nano.pm"},"DBI::DBD::SqlEngine::TieMeta":{"version":"0.06","file":"lib/DBI/DBD/SqlEngine.pm"},"DBD::DBM::db":{"file":"lib/DBD/DBM.pm","version":"0.08"},"DBD::Proxy::db":{"version":"0.2004","file":"lib/DBD/Proxy.pm"},"DBD::Gofer::Transport::corostream":{"file":"lib/DBD/Gofer/Transport/corostream.pm"},"DBD::DBM::Statement":{"version":"0.08","file":"lib/DBD/DBM.pm"},"DBI::Gofer::Transport::stream":{"file":"lib/DBI/Gofer/Transport/stream.pm","version":"0.012537"},"DBD::Sponge::dr":{"file":"lib/DBD/Sponge.pm","version":"12.010003"},"DBI::DBD::SqlEngine::DataSource":{"file":"lib/DBI/DBD/SqlEngine.pm","version":"0.06"},"DBD::NullP::st":{"file":"lib/DBD/NullP.pm","version":"12.014715"},"DBD::ExampleP":{"version":"12.014311","file":"lib/DBD/ExampleP.pm"},"DBI::Gofer::Serializer::DataDumper":{"file":"lib/DBI/Gofer/Serializer/DataDumper.pm","version":"0.009950"},"DBD::Gofer::Transport::stream":{"file":"lib/DBD/Gofer/Transport/stream.pm","version":"0.014599"},"DBD::Proxy::st":{"file":"lib/DBD/Proxy.pm","version":"0.2004"},"DBD::File::DataSource::Stream":{"file":"lib/DBD/File.pm","version":"0.44"},"DBI::DBD::SqlEngine::TableSource":{"version":"0.06","file":"lib/DBI/DBD/SqlEngine.pm"},"DBD::ExampleP::st":{"version":"12.014311","file":"lib/DBD/ExampleP.pm"},"DBD::Sponge::db":{"file":"lib/DBD/Sponge.pm","version":"12.010003"},"DBD::ExampleP::db":{"file":"lib/DBD/ExampleP.pm","version":"12.014311"},"DBD::Gofer::Transport::null":{"file":"lib/DBD/Gofer/Transport/null.pm","version":"0.010088"},"DBI::Gofer::Transport::Base":{"version":"0.012537","file":"lib/DBI/Gofer/Transport/Base.pm"},"DBI::DBD::SqlEngine::st":{"file":"lib/DBI/DBD/SqlEngine.pm","version":"0.06"},"DBI::ProxyServer::dr":{"version":"0.3005","file":"lib/DBI/ProxyServer.pm"},"DBD::Proxy::dr":{"file":"lib/DBD/Proxy.pm","version":"0.2004"},"DBI::Const::GetInfoReturn":{"file":"lib/DBI/Const/GetInfoReturn.pm","version":"2.008697"},"DBI::Const::GetInfoType":{"file":"lib/DBI/Const/GetInfoType.pm","version":"2.008697"},"DBD::Gofer::Transport::pipeone":{"file":"lib/DBD/Gofer/Transport/pipeone.pm","version":"0.010088"},"DBI::SQL::Nano":{"version":"1.015544","file":"lib/DBI/SQL/Nano.pm"},"DBI::ProfileData":{"version":"2.010008","file":"lib/DBI/ProfileData.pm"},"DBD::Proxy::RPC::PlClient":{"version":"0.2004","file":"lib/DBD/Proxy.pm"},"DBI::DBD::SqlEngine::dr":{"file":"lib/DBI/DBD/SqlEngine.pm","version":"0.06"},"DBI::Util::_accessor":{"version":"0.009479","file":"lib/DBI/Util/_accessor.pm"},"DBI::FAQ":{"file":"lib/DBI/FAQ.pm","version":"1.014935"},"DBD::File::DataSource::File":{"file":"lib/DBD/File.pm","version":"0.44"},"DBI::Const::GetInfo::ODBC":{"version":"2.011374","file":"lib/DBI/Const/GetInfo/ODBC.pm"},"DBD::Gofer::db":{"version":"0.015327","file":"lib/DBD/Gofer.pm"},"DBD::DBM::dr":{"file":"lib/DBD/DBM.pm","version":"0.08"},"DBI::Profile":{"file":"lib/DBI/Profile.pm","version":"2.015065"},"DBI::Gofer::Execute":{"version":"0.014283","file":"lib/DBI/Gofer/Execute.pm"},"DBI::common":{"file":"DBI.pm","version":"1.634"}}}