{
   "abstract" : "Read and write a subset of YAML for CPAN Meta files",
   "author" : [
      "Adam Kennedy <adamk@cpan.org>",
      "David Golden <dagolden@cpan.org>"
   ],
   "dynamic_config" : 0,
   "generated_by" : "Dist::Zilla version 5.042, CPAN::Meta::Converter version 2.150001, CPAN::Meta::Converter version 2.133380",
   "license" : [
      "perl_5"
   ],
   "meta-spec" : {
      "url" : "http://search.cpan.org/perldoc?CPAN::Meta::Spec",
      "version" : "2"
   },
   "name" : "CPAN-Meta-YAML",
   "no_index" : {
      "directory" : [
         "corpus",
         "examples",
         "t",
         "xt"
      ],
      "package" : [
         "DB"
      ]
   },
   "prereqs" : {
      "build" : {
         "requires" : {
            "ExtUtils::MakeMaker" : "0"
         }
      },
      "configure" : {
         "requires" : {
            "ExtUtils::MakeMaker" : "6.17",
            "perl" : "5.008001"
         }
      },
      "develop" : {
         "requires" : {
            "Dist::Zilla" : "5",
            "Dist::Zilla::Plugin::AppendExternalData" : "0",
            "Dist::Zilla::Plugin::Authority" : "0",
            "Dist::Zilla::Plugin::AutoPrereqs" : "0",
            "Dist::Zilla::Plugin::CheckChangesHasContent" : "0",
            "Dist::Zilla::Plugin::CheckMetaResources" : "0",
            "Dist::Zilla::Plugin::CheckPrereqsIndexed" : "0",
            "Dist::Zilla::Plugin::ConfirmRelease" : "0",
            "Dist::Zilla::Plugin::Doppelgaenger" : "0.007",
            "Dist::Zilla::Plugin::Encoding" : "0",
            "Dist::Zilla::Plugin::ExecDir" : "0",
            "Dist::Zilla::Plugin::Git::Check" : "0",
            "Dist::Zilla::Plugin::Git::CheckFor::CorrectBranch" : "0",
            "Dist::Zilla::Plugin::Git::Commit" : "0",
            "Dist::Zilla::Plugin::Git::Contributors" : "0",
            "Dist::Zilla::Plugin::Git::GatherDir" : "0",
            "Dist::Zilla::Plugin::Git::NextVersion" : "0",
            "Dist::Zilla::Plugin::Git::Push" : "0",
            "Dist::Zilla::Plugin::Git::Tag" : "0",
            "Dist::Zilla::Plugin::GithubMeta" : "0",
            "Dist::Zilla::Plugin::License" : "0",
            "Dist::Zilla::Plugin::MakeMaker" : "0",
            "Dist::Zilla::Plugin::MakeMaker::Highlander" : "0.003",
            "Dist::Zilla::Plugin::Manifest" : "0",
            "Dist::Zilla::Plugin::ManifestSkip" : "0",
            "Dist::Zilla::Plugin::MetaJSON" : "0",
            "Dist::Zilla::Plugin::MetaNoIndex" : "0",
            "Dist::Zilla::Plugin::MetaProvides::Package" : "0",
            "Dist::Zilla::Plugin::MetaResources" : "0",
            "Dist::Zilla::Plugin::MetaTests" : "0",
            "Dist::Zilla::Plugin::MetaYAML" : "0",
            "Dist::Zilla::Plugin::MinimumPerl" : "0",
            "Dist::Zilla::Plugin::NextRelease" : "0",
            "Dist::Zilla::Plugin::PkgVersion" : "0",
            "Dist::Zilla::Plugin::Pod2Readme" : "0",
            "Dist::Zilla::Plugin::PodSyntaxTests" : "0",
            "Dist::Zilla::Plugin::PodWeaver" : "0",
            "Dist::Zilla::Plugin::Prereqs::AuthorDeps" : "0",
            "Dist::Zilla::Plugin::PromptIfStale" : "0",
            "Dist::Zilla::Plugin::PruneCruft" : "0",
            "Dist::Zilla::Plugin::PruneFiles" : "0",
            "Dist::Zilla::Plugin::RemovePrereqs" : "0",
            "Dist::Zilla::Plugin::RunExtraTests" : "0",
            "Dist::Zilla::Plugin::ShareDir" : "0",
            "Dist::Zilla::Plugin::Test::Compile" : "0",
            "Dist::Zilla::Plugin::Test::ReportPrereqs" : "0",
            "Dist::Zilla::Plugin::Test::Version" : "0",
            "Dist::Zilla::Plugin::TestRelease" : "0",
            "Dist::Zilla::Plugin::UploadToCPAN" : "0",
            "File::Spec" : "0",
            "File::Temp" : "0",
            "IO::Handle" : "0",
            "IPC::Open3" : "0",
            "Software::License::Perl_5" : "0",
            "Test::CPAN::Meta" : "0",
            "Test::More" : "0",
            "Test::Pod" : "1.41",
            "Test::Version" : "1",
            "blib" : "1.01"
         }
      },
      "runtime" : {
         "requires" : {
            "B" : "0",
            "Carp" : "0",
            "Exporter" : "0",
            "Fcntl" : "0",
            "Scalar::Util" : "0",
            "perl" : "5.008001",
            "strict" : "0",
            "warnings" : "0"
         }
      },
      "test" : {
         "recommends" : {
            "CPAN::Meta" : "2.120900"
         },
         "requires" : {
            "ExtUtils::MakeMaker" : "0",
            "File::Basename" : "0",
            "File::Find" : "0",
            "File::Spec" : "0",
            "File::Spec::Functions" : "0",
            "File::Temp" : "0.19",
            "IO::Dir" : "0",
            "JSON::PP" : "0",
            "Test::More" : "0.88",
            "base" : "0",
            "lib" : "0",
            "utf8" : "0",
            "vars" : "0"
         }
      }
   },
   "provides" : {
      "CPAN::Meta::YAML" : {
         "file" : "lib/CPAN/Meta/YAML.pm",
         "version" : "0.018"
      }
   },
   "release_status" : "stable",
   "resources" : {
      "bugtracker" : {
         "web" : "https://github.com/Perl-Toolchain-Gang/YAML-Tiny/issues"
      },
      "homepage" : "https://github.com/Perl-Toolchain-Gang/CPAN-Meta-YAML",
      "repository" : {
         "type" : "git",
         "url" : "https://github.com/Perl-Toolchain-Gang/CPAN-Meta-YAML.git",
         "web" : "https://github.com/Perl-Toolchain-Gang/CPAN-Meta-YAML"
      }
   },
   "version" : "0.018",
   "x_authority" : "cpan:DAGOLDEN"
}
